-- MySQL dump 10.13  Distrib 8.0.34, for macos13 (arm64)
--
-- Host: 127.0.0.1    Database: akademik
-- ------------------------------------------------------
-- Server version	8.1.0

/*!40101 SET @OLD_CHARACTER_SET_CLIENT=@@CHARACTER_SET_CLIENT */;
/*!40101 SET @OLD_CHARACTER_SET_RESULTS=@@CHARACTER_SET_RESULTS */;
/*!40101 SET @OLD_COLLATION_CONNECTION=@@COLLATION_CONNECTION */;
/*!50503 SET NAMES utf8 */;
/*!40103 SET @OLD_TIME_ZONE=@@TIME_ZONE */;
/*!40103 SET TIME_ZONE='+00:00' */;
/*!40014 SET @OLD_UNIQUE_CHECKS=@@UNIQUE_CHECKS, UNIQUE_CHECKS=0 */;
/*!40014 SET @OLD_FOREIGN_KEY_CHECKS=@@FOREIGN_KEY_CHECKS, FOREIGN_KEY_CHECKS=0 */;
/*!40101 SET @OLD_SQL_MODE=@@SQL_MODE, SQL_MODE='NO_AUTO_VALUE_ON_ZERO' */;
/*!40111 SET @OLD_SQL_NOTES=@@SQL_NOTES, SQL_NOTES=0 */;

--
-- Table structure for table `course`
--

DROP TABLE IF EXISTS `course`;
/*!40101 SET @saved_cs_client     = @@character_set_client */;
/*!50503 SET character_set_client = utf8mb4 */;
CREATE TABLE `course` (
  `id` smallint NOT NULL AUTO_INCREMENT,
  `name_course` varchar(100) DEFAULT NULL,
  PRIMARY KEY (`id`)
) ENGINE=InnoDB AUTO_INCREMENT=101 DEFAULT CHARSET=utf8mb4 COLLATE=utf8mb4_0900_ai_ci;
/*!40101 SET character_set_client = @saved_cs_client */;

--
-- Dumping data for table `course`
--

LOCK TABLES `course` WRITE;
/*!40000 ALTER TABLE `course` DISABLE KEYS */;
INSERT INTO `course` VALUES (1,'Digital Analytics And Metrics.'),(2,'Operating Systems (E.G., Linux, Windows).'),(3,'Systems Design And Architecture.'),(4,'Search Engine Optimization (Seo).'),(5,'Cloud Migration Strategies.'),(6,'Digital Analytics And Metrics.'),(7,'Penetration Testing.'),(8,'Neural Networks.'),(9,'Augmented Reality (Ar).'),(10,'Internet Of Things (Iot).'),(11,'Python Programming.'),(12,'It Career Development.'),(13,'Natural Language Processing.'),(14,'User Experience (Ux) Design.'),(15,'Cloud Migration Strategies.'),(16,'Data Analytics.'),(17,'Ethical Hacking.'),(18,'User Acceptance Testing (Uat).'),(19,'Javascript.'),(20,'Cybersecurity Fundamentals.'),(21,'User Interface (Ui) Design.'),(22,'Wireless Networking.'),(23,'Computer Vision.'),(24,'Itil (Information Technology Infrastructure Library).'),(25,'Deep Learning.'),(26,'Network Monitoring And Analysis.'),(27,'Information Systems Analysis.'),(28,'Disaster Recovery And Business Continuity.'),(29,'Introduction To Computer Science.'),(30,'It Risk Management.'),(31,'It Audit And Assurance.'),(32,'Devops Practices.'),(33,'Container Orchestration (E.G., Kubernetes).'),(34,'It For Small Businesses.'),(35,'E-Commerce Platforms.'),(36,'Introduction To Computer Science.'),(37,'Kanban.'),(38,'Java Programming.'),(39,'Test-Driven Development (Tdd).'),(40,'Nosql Databases.'),(41,'Ios App Development.'),(42,'User Acceptance Testing (Uat).'),(43,'Amazon Web Services (Aws).'),(44,'It Leadership And Management.'),(45,'Routing And Switching.'),(46,'Digital Analytics And Metrics.'),(47,'It For Small Businesses.'),(48,'Javascript.'),(49,'Ethical Hacking.'),(50,'Cryptography.'),(51,'It Communication And Presentation Skills.'),(52,'Agile Methodologies.'),(53,'Java Programming.'),(54,'Internet Security And Privacy.'),(55,'Natural Language Processing.'),(56,'Penetration Testing.'),(57,'Virtualization And Containers.'),(58,'Scrum.'),(59,'Java Programming.'),(60,'Network Security.'),(61,'Ruby On Rails.'),(62,'Penetration Testing.'),(63,'Business Intelligence.'),(64,'Social Media Marketing.'),(65,'Game Development.'),(66,'User Acceptance Testing (Uat).'),(67,'Javascript.'),(68,'Nosql Databases.'),(69,'It Governance And Compliance.'),(70,'Microsoft Azure.'),(71,'Interaction Design.'),(72,'Test-Driven Development (Tdd).'),(73,'Cloud Computing Basics.'),(74,'Network Monitoring And Analysis.'),(75,'Front-End Web Development.'),(76,'Scrum.'),(77,'Cloud Migration Strategies.'),(78,'User Interface (Ui) Design.'),(79,'It Service Management (Itsm).'),(80,'Cloud Security.'),(81,'Google Cloud Platform.'),(82,'It Communication And Presentation Skills.'),(83,'Back-End Web Development.'),(84,'Cloud Security.'),(85,'Firewall Configuration And Management.'),(86,'Ruby On Rails.'),(87,'Customer Relationship Management (Crm) Systems.'),(88,'Data Warehousing.'),(89,'Cloud Security.'),(90,'User Acceptance Testing (Uat).'),(91,'Database Management.'),(92,'It Service Management (Itsm).'),(93,'Natural Language Processing.'),(94,'Microsoft Azure.'),(95,'Data Privacy And Protection.'),(96,'It Service Management (Itsm).'),(97,'Disaster Recovery And Business Continuity.'),(98,'C++ Programming.'),(99,'Security Policies And Procedures.'),(100,'Continuous Integration/Continuous Deployment (Ci/Cd).');
/*!40000 ALTER TABLE `course` ENABLE KEYS */;
UNLOCK TABLES;

--
-- Table structure for table `lecturer`
--

DROP TABLE IF EXISTS `lecturer`;
/*!40101 SET @saved_cs_client     = @@character_set_client */;
/*!50503 SET character_set_client = utf8mb4 */;
CREATE TABLE `lecturer` (
  `id` smallint NOT NULL AUTO_INCREMENT,
  `nip` varchar(18) DEFAULT NULL,
  `name_lecturer` varchar(50) DEFAULT NULL,
  PRIMARY KEY (`id`)
) ENGINE=InnoDB AUTO_INCREMENT=101 DEFAULT CHARSET=utf8mb4 COLLATE=utf8mb4_0900_ai_ci;
/*!40101 SET character_set_client = @saved_cs_client */;

--
-- Dumping data for table `lecturer`
--

LOCK TABLES `lecturer` WRITE;
/*!40000 ALTER TABLE `lecturer` DISABLE KEYS */;
INSERT INTO `lecturer` VALUES (1,'2003180610095','Brandon Little'),(2,'1997188410100','Keith Davis'),(3,'2010196911184','Jennifer Maxwell'),(4,'2004185311106','Marisa Fisher'),(5,'1992183410198','Benjamin Rodriguez'),(6,'1996183310165','Matthew Carrillo'),(7,'1990183711157','Thomas Chan'),(8,'1998197710198','Heather Sutton'),(9,'2019184111110','William Graham'),(10,'2012198010108','Matthew Weber'),(11,'2012199311084','Christine Hernandez'),(12,'1991190910177','Stephen Oliver'),(13,'2000193810137','Karen Krueger'),(14,'2010195211012','Peter Jackson'),(15,'2015190311125','Dr. Debra Gross'),(16,'1999185910194','Richard Hanna'),(17,'2022195010173','Adam King'),(18,'2015180911189','Kyle Gibson'),(19,'2022193011088','Jose Gibson'),(20,'2015188510118','Derrick Warren'),(21,'2003183210145','Gary Alvarez'),(22,'2001192510027','Brittany Baker'),(23,'2001192911169','Eric Vazquez'),(24,'2019197811001','Samantha Miller'),(25,'1994198110029','Mary Mason'),(26,'1998181310089','Mr. Colton Wolfe'),(27,'2010180911080','Amanda Wilson'),(28,'2005197411012','Sherry Huff'),(29,'2013189111100','Scott Parsons'),(30,'1999193710099','Joshua Richardson'),(31,'2000181510015','Kellie Kirk'),(32,'1992191610013','Lauren Williams'),(33,'2001191211004','Robert Lowe'),(34,'1999189510030','Dawn Gordon'),(35,'2021191111181','Katherine Williams'),(36,'2011195210032','Joseph Cooper'),(37,'2005195811005','Carrie Walton'),(38,'2016188210171','Christopher Curtis'),(39,'2004184011110','William Gardner'),(40,'2021180311143','Caroline Mitchell'),(41,'2017181411008','Thomas Morrison'),(42,'2015196011164','Dana George'),(43,'2008187511114','Craig Smith'),(44,'2004195611007','Michael Dickerson'),(45,'2018194510016','Cynthia Luna'),(46,'2013189611066','Philip Wilson'),(47,'1996189710058','Jill Bauer'),(48,'2016194210163','Jasmine Jones'),(49,'2002185010184','Eric Duran'),(50,'2022187711089','Amanda Brown'),(51,'2014181210118','Abigail Brown'),(52,'2009192710138','Eric Oliver'),(53,'2021193811181','Joseph Moreno'),(54,'2022199311121','Elizabeth Murphy'),(55,'2018191611088','Lisa Rodriguez'),(56,'2015186811007','Anthony Mills'),(57,'1993183611149','Sheila Taylor'),(58,'2002191811049','Barbara Alvarado'),(59,'2021194910077','Michael Hill'),(60,'1997185911175','Jill Spencer'),(61,'2003186111065','Lisa Vaughn'),(62,'1996191711191','Stephanie Long'),(63,'2014185710158','Patrick Hernandez'),(64,'2020180310138','Troy Martinez'),(65,'2001194510192','Meagan Logan'),(66,'2007199611005','Patricia Brown'),(67,'2015182911085','David Hull'),(68,'2006196210073','James Edwards'),(69,'2022199010182','Joan Briggs'),(70,'1991199311054','Jimmy Jones'),(71,'2000181211017','Joseph Taylor'),(72,'2014190111013','Jason Bowman'),(73,'2000196111195','Cory Smith'),(74,'2016197211143','Sandra Anderson'),(75,'2021198610129','Sabrina Cooper'),(76,'2020193410093','Nicole Velazquez'),(77,'2003199011012','Holly Fuentes'),(78,'1990193311019','Jason Norton'),(79,'1990195510166','Charlene Johnson'),(80,'2012198310099','Ruben Nelson'),(81,'1992194511107','Gregory Munoz'),(82,'1990182411080','Michael Juarez'),(83,'1999185310148','Sara Harris'),(84,'2006180610115','Derek Hampton'),(85,'1998181211163','Eric Russell'),(86,'1993196111128','Joseph Washington'),(87,'1999181410045','Kevin Wang'),(88,'1995195510105','Margaret Schroeder'),(89,'2000186411024','Angela Moore'),(90,'1998181610023','Arthur Simpson'),(91,'2019180810079','Diane Baker'),(92,'2003197611062','John Bush'),(93,'1996180611144','Jennifer Black'),(94,'1998183511182','Anthony Thomas'),(95,'2016185011101','Shirley Fleming'),(96,'2000193911045','Aaron Ray'),(97,'2017199110088','Michelle Flores'),(98,'2016198911157','Shawn Wallace'),(99,'2001191910080','Kevin Gibson'),(100,'2013180910132','John Stevens');
/*!40000 ALTER TABLE `lecturer` ENABLE KEYS */;
UNLOCK TABLES;

--
-- Table structure for table `student`
--

DROP TABLE IF EXISTS `student`;
/*!40101 SET @saved_cs_client     = @@character_set_client */;
/*!50503 SET character_set_client = utf8mb4 */;
CREATE TABLE `student` (
  `id` smallint NOT NULL AUTO_INCREMENT,
  `nrp` varchar(18) DEFAULT NULL,
  `name_student` varchar(50) DEFAULT NULL,
  PRIMARY KEY (`id`)
) ENGINE=InnoDB AUTO_INCREMENT=501 DEFAULT CHARSET=utf8mb4 COLLATE=utf8mb4_0900_ai_ci;
/*!40101 SET character_set_client = @saved_cs_client */;

--
-- Dumping data for table `student`
--

LOCK TABLES `student` WRITE;
/*!40000 ALTER TABLE `student` DISABLE KEYS */;
INSERT INTO `student` VALUES (1,'5027191001','Robert Moore'),(2,'5027191002','Charlotte Howard'),(3,'5027191003','Steven Larsen'),(4,'5027191004','Brandon Knight'),(5,'5027191005','Sharon Rodriguez'),(6,'5027191006','Kara Smith'),(7,'5027191007','Bonnie Mccormick'),(8,'5027191008','Laurie Martinez'),(9,'5027191009','Teresa Lambert'),(10,'5027191010','Chelsea Jackson'),(11,'5027191011','Daniel Brown'),(12,'5027191012','Kenneth Ramos'),(13,'5027191013','Benjamin Garcia'),(14,'5027191014','David Henderson'),(15,'5027191015','Cynthia Garcia'),(16,'5027191016','Erin Cooper'),(17,'5027191017','Dennis Baker'),(18,'5027191018','William Thompson'),(19,'5027191019','Lisa Wilson'),(20,'5027191020','Susan Johnson'),(21,'5027191021','David Rodriguez'),(22,'5027191022','Theresa Williams'),(23,'5027191023','Jordan Norman'),(24,'5027191024','Paul Fuller'),(25,'5027191025','Peter Black'),(26,'5027191026','Alan Zavala'),(27,'5027191027','Katie Roy'),(28,'5027191028','Brandi Smith MD'),(29,'5027191029','Daniel Johnson'),(30,'5027191030','Sheryl Doyle'),(31,'5027191031','Jack Rowe'),(32,'5027191032','John White'),(33,'5027191033','Michael Werner'),(34,'5027191034','Raymond Stewart'),(35,'5027191035','Marc Young'),(36,'5027191036','Leon Roberts'),(37,'5027191037','Julie Baker'),(38,'5027191038','Christopher Yang'),(39,'5027191039','Ethan Anderson'),(40,'5027191040','Emily Fitzpatrick'),(41,'5027191041','Richard Johnson'),(42,'5027191042','Willie Chapman'),(43,'5027191043','Anthony Rhodes'),(44,'5027191044','Destiny Ruiz'),(45,'5027191045','Jennifer Ponce'),(46,'5027191046','Jody Whitehead'),(47,'5027191047','Corey Bell'),(48,'5027191048','Jennifer Arnold'),(49,'5027191049','Cheryl Mercado'),(50,'5027191050','Ashlee Boone'),(51,'5027191051','Brittany Hernandez'),(52,'5027191052','Rodney Tran'),(53,'5027191053','Andrew Ward'),(54,'5027191054','Thomas Burton'),(55,'5027191055','Roger Clark'),(56,'5027191056','Alexander Smith'),(57,'5027191057','Theresa Good'),(58,'5027191058','Lacey Lucas'),(59,'5027191059','James Alvarez'),(60,'5027191060','Mr. Christian Jordan'),(61,'5027191061','Bonnie Orozco'),(62,'5027191062','Caitlin Bailey'),(63,'5027191063','Nathaniel Johnson'),(64,'5027191064','Lawrence Wood'),(65,'5027191065','David Martinez'),(66,'5027191066','Carolyn Walker'),(67,'5027191067','Julie Davies'),(68,'5027191068','Kelly Brown'),(69,'5027191069','Philip Marsh'),(70,'5027191070','Danielle Taylor'),(71,'5027191071','Jessica Romero'),(72,'5027191072','Mary Tate'),(73,'5027191073','Andrew Horn'),(74,'5027191074','Katie Porter'),(75,'5027191075','Elizabeth Johnson'),(76,'5027191076','Robert King DDS'),(77,'5027191077','Stephanie Lucas'),(78,'5027191078','Marco Brown'),(79,'5027191079','Alexis Ramos'),(80,'5027191080','Shawn Ortiz'),(81,'5027191081','Amanda Robertson'),(82,'5027191082','Michelle Nguyen'),(83,'5027191083','Scott Miller'),(84,'5027191084','James Shelton'),(85,'5027191085','Angela Fuller'),(86,'5027191086','Deanna Sherman'),(87,'5027191087','Anthony Ruiz'),(88,'5027191088','Amber Young'),(89,'5027191089','Ariel Weaver'),(90,'5027191090','Jill Watts'),(91,'5027191091','Tony Miller'),(92,'5027191092','Jason Williams'),(93,'5027191093','Elijah Park'),(94,'5027191094','Carl Smith'),(95,'5027191095','Elizabeth Jennings'),(96,'5027191096','Latoya Hill'),(97,'5027191097','Amber Mueller'),(98,'5027191098','Nicole Palmer'),(99,'5027191099','Sherri Hancock'),(100,'5027191100','Christine Johnson'),(101,'5027201001','Kathy Caldwell'),(102,'5027201002','Alicia Chavez'),(103,'5027201003','Timothy Wright'),(104,'5027201004','Elizabeth Brown'),(105,'5027201005','Michael Keith'),(106,'5027201006','Kevin Petersen'),(107,'5027201007','Tom Freeman'),(108,'5027201008','Laura Wiley'),(109,'5027201009','Melissa Holland'),(110,'5027201010','Benjamin Alvarez'),(111,'5027201011','Laura Soto'),(112,'5027201012','Ashley Rodgers'),(113,'5027201013','Molly Zimmerman'),(114,'5027201014','Robert Adams'),(115,'5027201015','Adam Sanchez'),(116,'5027201016','Dr. Brian Rodriguez'),(117,'5027201017','Frederick Mclaughlin Jr.'),(118,'5027201018','Oscar Smith'),(119,'5027201019','Ashley Shannon'),(120,'5027201020','Jennifer Nixon'),(121,'5027201021','Michael Gordon'),(122,'5027201022','Jacob Morales'),(123,'5027201023','Olivia Santos'),(124,'5027201024','James Moore'),(125,'5027201025','Christopher Fischer'),(126,'5027201026','Joseph Barnes'),(127,'5027201027','Mary Collins'),(128,'5027201028','Nancy Brown'),(129,'5027201029','Nathaniel Wells'),(130,'5027201030','Julie Burns'),(131,'5027201031','Russell Fitzgerald'),(132,'5027201032','Brianna Reeves'),(133,'5027201033','Angela Bryant'),(134,'5027201034','Lisa Donovan'),(135,'5027201035','William Miller'),(136,'5027201036','Ashlee Robinson'),(137,'5027201037','Troy Miller'),(138,'5027201038','Jordan Sanchez'),(139,'5027201039','Gary King'),(140,'5027201040','Edward Nichols'),(141,'5027201041','Sarah Barker'),(142,'5027201042','Steve Huffman'),(143,'5027201043','Devin Hernandez'),(144,'5027201044','Robert York'),(145,'5027201045','Gregory Rivera'),(146,'5027201046','Amy Jackson'),(147,'5027201047','Jennifer Berry'),(148,'5027201048','David Jones'),(149,'5027201049','Chris Decker'),(150,'5027201050','Tiffany Rivera'),(151,'5027201051','Travis Mayer'),(152,'5027201052','Michael Lopez'),(153,'5027201053','Michelle Browning'),(154,'5027201054','Jennifer Hart'),(155,'5027201055','Melissa Gross'),(156,'5027201056','Sean Humphrey'),(157,'5027201057','Suzanne Pena'),(158,'5027201058','Katrina Wells'),(159,'5027201059','Angel Lopez'),(160,'5027201060','Jessica Kelly'),(161,'5027201061','Vanessa Daniel'),(162,'5027201062','Mitchell Russell'),(163,'5027201063','Amy Wright'),(164,'5027201064','Kathy Robles'),(165,'5027201065','Gregory Marks'),(166,'5027201066','Samuel Perez'),(167,'5027201067','Jennifer Lynch'),(168,'5027201068','Matthew Hunt'),(169,'5027201069','Nicole Hernandez'),(170,'5027201070','Karen Sexton'),(171,'5027201071','Mark Atkins'),(172,'5027201072','Leslie Ward'),(173,'5027201073','Nichole Galvan DVM'),(174,'5027201074','Geoffrey Lawrence'),(175,'5027201075','Cheryl Cooper'),(176,'5027201076','Erin Mcclain'),(177,'5027201077','Whitney Smith'),(178,'5027201078','Timothy Wilson'),(179,'5027201079','Travis Green'),(180,'5027201080','Lori Day'),(181,'5027201081','Janet Singh'),(182,'5027201082','Daniel Camacho'),(183,'5027201083','Jennifer Lee'),(184,'5027201084','Jennifer Jordan'),(185,'5027201085','Jon Santiago'),(186,'5027201086','Denise Welch'),(187,'5027201087','Sean Mayer'),(188,'5027201088','Fernando Johnson'),(189,'5027201089','Alison Butler'),(190,'5027201090','Lori James'),(191,'5027201091','John Long'),(192,'5027201092','Kathy Patel'),(193,'5027201093','Michael Allen'),(194,'5027201094','Donald Smith'),(195,'5027201095','Gabriel Nichols'),(196,'5027201096','Lauren Flores'),(197,'5027201097','Michael Griffin'),(198,'5027201098','Anna Goodman'),(199,'5027201099','Maxwell Marshall'),(200,'5027201100','Allen Scott'),(201,'5027211001','Dana Peck'),(202,'5027211002','Daniel Rodriguez'),(203,'5027211003','Veronica Kirk'),(204,'5027211004','Patrick Ward'),(205,'5027211005','Andrea Erickson'),(206,'5027211006','Derrick Duran'),(207,'5027211007','Michelle Butler'),(208,'5027211008','Gregory Hernandez'),(209,'5027211009','James Crane'),(210,'5027211010','Barbara Odom'),(211,'5027211011','Christopher Garcia'),(212,'5027211012','Robert Gomez'),(213,'5027211013','Jason Rivers'),(214,'5027211014','Jessica Brooks'),(215,'5027211015','Eileen Gordon'),(216,'5027211016','Linda Wyatt'),(217,'5027211017','Tara Klein'),(218,'5027211018','Martha Fox'),(219,'5027211019','Carrie Jackson'),(220,'5027211020','Taylor Harrington'),(221,'5027211021','Ryan Nash'),(222,'5027211022','Herbert Bush'),(223,'5027211023','Peter Koch'),(224,'5027211024','Julie Erickson'),(225,'5027211025','Adam Guzman'),(226,'5027211026','Adam Herrera'),(227,'5027211027','Kristin Vasquez'),(228,'5027211028','Dominic Brown'),(229,'5027211029','Rebecca Jones'),(230,'5027211030','Christine Vaughn'),(231,'5027211031','Andrea Ford'),(232,'5027211032','Melissa Cordova'),(233,'5027211033','Lisa Carey'),(234,'5027211034','Michael Stark'),(235,'5027211035','Jordan Brewer'),(236,'5027211036','Joshua Morgan'),(237,'5027211037','Nicholas Kline'),(238,'5027211038','Angel Patel'),(239,'5027211039','Tara Lee'),(240,'5027211040','Christina Murphy'),(241,'5027211041','Brenda Miller'),(242,'5027211042','Natalie Tucker'),(243,'5027211043','Jonathan Myers'),(244,'5027211044','Jennifer Martinez'),(245,'5027211045','Rebecca Boyd'),(246,'5027211046','Brandi Lozano'),(247,'5027211047','Jacob Jones'),(248,'5027211048','Jay Malone'),(249,'5027211049','Peter Romero'),(250,'5027211050','Raymond Harris'),(251,'5027211051','Kerry Adams'),(252,'5027211052','Eric Williams'),(253,'5027211053','Tiffany Hodges'),(254,'5027211054','Jessica Bishop'),(255,'5027211055','Devin Perez'),(256,'5027211056','Anthony Lawson'),(257,'5027211057','Randall Washington'),(258,'5027211058','George Parker DDS'),(259,'5027211059','Shannon Wilson'),(260,'5027211060','Raymond Moore'),(261,'5027211061','Kelly Mcdonald'),(262,'5027211062','Linda Frost'),(263,'5027211063','Carolyn Simon'),(264,'5027211064','Stephanie Williams'),(265,'5027211065','Frank Clark'),(266,'5027211066','Kelly Huber'),(267,'5027211067','Lauren Day'),(268,'5027211068','Laurie Pugh'),(269,'5027211069','Jeffrey Alexander'),(270,'5027211070','Jamie Allen'),(271,'5027211071','Tiffany Pace'),(272,'5027211072','Marcus Williams'),(273,'5027211073','Lisa Dudley'),(274,'5027211074','Timothy Greene'),(275,'5027211075','Ashley Marshall'),(276,'5027211076','Matthew Wright'),(277,'5027211077','Grant Wise'),(278,'5027211078','Michael Bond'),(279,'5027211079','Kristen White'),(280,'5027211080','Ashley Jackson'),(281,'5027211081','Tiffany King'),(282,'5027211082','Louis Hart'),(283,'5027211083','Nathan Wood'),(284,'5027211084','Elizabeth Grant'),(285,'5027211085','Janet Silva'),(286,'5027211086','John Sanchez'),(287,'5027211087','Nicholas Miles'),(288,'5027211088','Susan Brown'),(289,'5027211089','Christopher Nichols'),(290,'5027211090','Travis Williams'),(291,'5027211091','Janice Ramirez'),(292,'5027211092','Kim Hill'),(293,'5027211093','Gina Lopez DDS'),(294,'5027211094','Jane Pineda'),(295,'5027211095','Ashley Lowe'),(296,'5027211096','Timothy Gray'),(297,'5027211097','Kathryn Green'),(298,'5027211098','Rebecca Brown'),(299,'5027211099','Justin Cannon'),(300,'5027211100','Stanley Mata'),(301,'5027221001','Daniel Evans'),(302,'5027221002','Jasmine Smith'),(303,'5027221003','John Garcia'),(304,'5027221004','Christopher Williams'),(305,'5027221005','Alicia Smith'),(306,'5027221006','Jerry Khan'),(307,'5027221007','Michael Brown'),(308,'5027221008','Matthew Lyons'),(309,'5027221009','Joanne Bennett'),(310,'5027221010','Timothy Rush'),(311,'5027221011','Leah Nguyen'),(312,'5027221012','Heather Lee'),(313,'5027221013','Paul Ortiz'),(314,'5027221014','Caleb Rich'),(315,'5027221015','Natalie Love'),(316,'5027221016','Erin Moore MD'),(317,'5027221017','Scott Guerrero'),(318,'5027221018','James Taylor'),(319,'5027221019','Jessica Lopez'),(320,'5027221020','Daniel Callahan'),(321,'5027221021','Janet Hall'),(322,'5027221022','Sandra Steele'),(323,'5027221023','John Harper'),(324,'5027221024','Elizabeth Bryant'),(325,'5027221025','Keith Bowen'),(326,'5027221026','Leonard Fowler'),(327,'5027221027','Andrew Bryant'),(328,'5027221028','Jeffrey Juarez'),(329,'5027221029','Christopher Bradley'),(330,'5027221030','Curtis Pratt'),(331,'5027221031','Kim Lopez'),(332,'5027221032','Steven Jacobs'),(333,'5027221033','Valerie Ellis'),(334,'5027221034','Anthony Page'),(335,'5027221035','John Aguilar'),(336,'5027221036','Jeffrey Stewart'),(337,'5027221037','Brian Jimenez'),(338,'5027221038','Sheila Coleman'),(339,'5027221039','Kevin Ward'),(340,'5027221040','James Dixon'),(341,'5027221041','Lisa Roy'),(342,'5027221042','Kimberly Jackson'),(343,'5027221043','Stuart Bishop'),(344,'5027221044','Lisa Ellison'),(345,'5027221045','Steven Patel'),(346,'5027221046','John Gray'),(347,'5027221047','Brian Newton'),(348,'5027221048','Kyle Lawson'),(349,'5027221049','Richard Peterson'),(350,'5027221050','Michelle Pena'),(351,'5027221051','William Riley'),(352,'5027221052','Jaclyn Patel'),(353,'5027221053','James Ortiz'),(354,'5027221054','Brittany Walker'),(355,'5027221055','Shannon Preston'),(356,'5027221056','Mary Hampton'),(357,'5027221057','Omar Lopez'),(358,'5027221058','Jesse Jenkins MD'),(359,'5027221059','Willie Obrien'),(360,'5027221060','Jordan Wise'),(361,'5027221061','Jennifer Golden'),(362,'5027221062','Corey Cabrera'),(363,'5027221063','Sarah Russo'),(364,'5027221064','Robert Richards'),(365,'5027221065','Rodney Stanley'),(366,'5027221066','Molly Hayes'),(367,'5027221067','Jennifer Foster'),(368,'5027221068','James Valencia'),(369,'5027221069','Stephen Moran'),(370,'5027221070','Francisco Clark'),(371,'5027221071','Veronica Anderson'),(372,'5027221072','Suzanne Heath'),(373,'5027221073','Timothy Allen'),(374,'5027221074','Valerie Kim'),(375,'5027221075','Christine Medina'),(376,'5027221076','Bruce Roberts'),(377,'5027221077','Mr. Shawn Chapman'),(378,'5027221078','John Henson'),(379,'5027221079','Christopher Torres'),(380,'5027221080','Deborah Greer'),(381,'5027221081','Mark Calhoun'),(382,'5027221082','Nathaniel Alexander'),(383,'5027221083','Robert Aguirre'),(384,'5027221084','William Garcia'),(385,'5027221085','Richard Mcdaniel'),(386,'5027221086','David Cox'),(387,'5027221087','Kristen Robbins'),(388,'5027221088','Harold Martinez Jr.'),(389,'5027221089','Melanie Barrett'),(390,'5027221090','Bryce White'),(391,'5027221091','Olivia Ferguson'),(392,'5027221092','James Martin'),(393,'5027221093','Mr. Wayne Lewis'),(394,'5027221094','Joseph Lewis'),(395,'5027221095','Tanya Wheeler'),(396,'5027221096','Brittany Ward'),(397,'5027221097','Jose Garcia'),(398,'5027221098','Elizabeth Olson'),(399,'5027221099','Christopher Hunter'),(400,'5027221100','William Johnson'),(401,'5027231001','Monica Larson'),(402,'5027231002','Anna Wilkins'),(403,'5027231003','Manuel Joseph'),(404,'5027231004','Blake Jones'),(405,'5027231005','Joseph Henderson'),(406,'5027231006','Renee Moore'),(407,'5027231007','Jerry Berry'),(408,'5027231008','Jennifer Sanchez'),(409,'5027231009','Megan Vasquez'),(410,'5027231010','Connor Schmidt'),(411,'5027231011','Lisa Chambers'),(412,'5027231012','Sarah Davis'),(413,'5027231013','Brian Howard'),(414,'5027231014','Allison Hobbs'),(415,'5027231015','Hannah Washington'),(416,'5027231016','Kevin Cox'),(417,'5027231017','Stephanie Simon'),(418,'5027231018','Christian Hill'),(419,'5027231019','James Johnson'),(420,'5027231020','Todd Smith'),(421,'5027231021','Victoria Jenkins'),(422,'5027231022','Hunter Howard'),(423,'5027231023','Anthony Contreras'),(424,'5027231024','James Gonzalez'),(425,'5027231025','Erin Kelly'),(426,'5027231026','Jennifer Rodriguez'),(427,'5027231027','Carlos Johnson'),(428,'5027231028','Marvin Kennedy'),(429,'5027231029','Richard Page'),(430,'5027231030','Denise Howell'),(431,'5027231031','Doris Weiss'),(432,'5027231032','Brian Rodriguez'),(433,'5027231033','Brenda Hawkins'),(434,'5027231034','Daniel Moore'),(435,'5027231035','Joshua Rodriguez'),(436,'5027231036','Lisa Smith'),(437,'5027231037','David Bell'),(438,'5027231038','Jennifer Stokes'),(439,'5027231039','Scott Cooley'),(440,'5027231040','John Salinas'),(441,'5027231041','Jennifer Gray'),(442,'5027231042','Lisa Bell DDS'),(443,'5027231043','Jacob Guzman'),(444,'5027231044','Justin Welch'),(445,'5027231045','Alexis Hobbs'),(446,'5027231046','Felicia Le'),(447,'5027231047','Austin Cooper'),(448,'5027231048','Steven Jones MD'),(449,'5027231049','Jordan Conway'),(450,'5027231050','Anne Jones'),(451,'5027231051','Teresa Rodriguez'),(452,'5027231052','Tyler Jones'),(453,'5027231053','David Jones'),(454,'5027231054','Donald Burton'),(455,'5027231055','Charles West'),(456,'5027231056','David Warren'),(457,'5027231057','Christina Eaton'),(458,'5027231058','Dustin Watson'),(459,'5027231059','Heather Brooks'),(460,'5027231060','Sandra Salinas'),(461,'5027231061','Christopher Hansen'),(462,'5027231062','Becky Vasquez'),(463,'5027231063','Patricia Lloyd'),(464,'5027231064','Jill Martinez'),(465,'5027231065','Rhonda Kelly'),(466,'5027231066','Angela Hill'),(467,'5027231067','Jeffrey Mooney'),(468,'5027231068','Laura Harris'),(469,'5027231069','Charlotte Good'),(470,'5027231070','Thomas Duffy'),(471,'5027231071','Johnathan Maldonado'),(472,'5027231072','Stacy Johnson'),(473,'5027231073','Christopher Reynolds'),(474,'5027231074','Charles Howell'),(475,'5027231075','Daisy Lee'),(476,'5027231076','Melanie Duffy'),(477,'5027231077','Thomas Kelly'),(478,'5027231078','Mark Conway'),(479,'5027231079','Andrea Robles'),(480,'5027231080','Lisa Morgan'),(481,'5027231081','Joyce Mckenzie'),(482,'5027231082','Gary Bond'),(483,'5027231083','Curtis Cameron'),(484,'5027231084','Tina Lee'),(485,'5027231085','Melinda Avila'),(486,'5027231086','Maria Barrett'),(487,'5027231087','Lacey Myers'),(488,'5027231088','Mr. Brian Brown'),(489,'5027231089','John Smith'),(490,'5027231090','Anita Boyer'),(491,'5027231091','Cindy Johnson'),(492,'5027231092','Donna Garrett'),(493,'5027231093','Justin Richards'),(494,'5027231094','Jeanne Chapman'),(495,'5027231095','Lauren Taylor'),(496,'5027231096','Ariel Sanders'),(497,'5027231097','William Walton'),(498,'5027231098','Wayne Reed'),(499,'5027231099','Denise Jackson'),(500,'5027231100','Christopher Leonard');
/*!40000 ALTER TABLE `student` ENABLE KEYS */;
UNLOCK TABLES;

--
-- Table structure for table `task`
--

DROP TABLE IF EXISTS `task`;
/*!40101 SET @saved_cs_client     = @@character_set_client */;
/*!50503 SET character_set_client = utf8mb4 */;
CREATE TABLE `task` (
  `id` smallint NOT NULL AUTO_INCREMENT,
  `desc_task` varchar(500) DEFAULT NULL,
  `id_mk` smallint DEFAULT NULL,
  `id_mhs` smallint DEFAULT NULL,
  `id_dos` smallint DEFAULT NULL,
  `score` smallint DEFAULT NULL,
  PRIMARY KEY (`id`),
  KEY `id_mk` (`id_mk`),
  KEY `id_mhs` (`id_mhs`),
  KEY `id_dos` (`id_dos`),
  CONSTRAINT `task_ibfk_1` FOREIGN KEY (`id_mk`) REFERENCES `course` (`id`),
  CONSTRAINT `task_ibfk_2` FOREIGN KEY (`id_mhs`) REFERENCES `student` (`id`),
  CONSTRAINT `task_ibfk_3` FOREIGN KEY (`id_dos`) REFERENCES `lecturer` (`id`)
) ENGINE=InnoDB AUTO_INCREMENT=101 DEFAULT CHARSET=utf8mb4 COLLATE=utf8mb4_0900_ai_ci;
/*!40101 SET character_set_client = @saved_cs_client */;

--
-- Dumping data for table `task`
--

LOCK TABLES `task` WRITE;
/*!40000 ALTER TABLE `task` DISABLE KEYS */;
INSERT INTO `task` VALUES (1,'Blood risk experience life artist notice every center. Itself science name executive environmental hundred. Investment mouth lose culture radio.',20,74,78,76),(2,'Can significant stuff truth kid politics Mrs. Thing answer personal special. Reveal life sometimes meet where risk.',100,21,92,88),(3,'Know these religious century information responsibility she. Recognize their exist young field series. Miss face drop sit current.',87,2,60,50),(4,'Like thousand plan point. War none fact already. Bank certainly worry interview establish lawyer.',61,9,62,52),(5,'Suddenly likely similar we. Win early story Democrat. Site sit give best my.',86,89,75,83),(6,'Yourself evidence hour be. Democrat author force which medical grow. Pass system blood section could single.',61,24,9,89),(7,'Theory country young action. Dream window week attention. Magazine together sit police board control ago address.',40,46,80,34),(8,'Several civil outside table conference. Leg leave peace bar believe southern. Story also air scientist single statement whatever cover.',32,58,91,19),(9,'Land bar sell art. Sound yard two. In although site break.',61,41,83,65),(10,'Leader north skin across expert return series. Network game believe meeting international. Truth art future girl region four need here.',35,25,98,83),(11,'Will woman can move common bag. Cup various trade half experience owner. Present on move road.',75,68,4,43),(12,'Green require president may fly natural. College more owner happy church. Hot low letter.',65,68,39,10),(13,'Manager decide much about better ahead result police. Discover scene she know learn war. Friend likely type pretty arrive sound.',100,48,56,59),(14,'Conference state generation specific nearly. Company medical amount picture building technology. Election growth however start often experience north once.',76,12,6,29),(15,'One mother wall news close family. Voice community visit. Cause this national well throw hand.',15,38,79,16),(16,'Indicate base role employee letter early create. Own condition least significant hair business. Set participant notice without lose.',83,5,72,14),(17,'Join central fine claim. Guy never board message office term seven. Detail entire actually assume radio arm.',51,89,79,58),(18,'Laugh officer to should us. Anything late difference entire everybody fight success. Seat hospital TV east available.',5,91,48,9),(19,'Couple across see hear quality. Message race those marriage reality. Part experience lay mean the.',78,91,44,97),(20,'Evidence start arrive various institution ok this. Pretty realize new know. Owner player happy.',95,64,23,85),(21,'Firm watch chance industry. Story less industry whatever three. Not specific able effort.',97,75,31,88),(22,'Represent very believe treat. Letter moment pick type interview tax PM special. Paper person whole career.',8,28,11,77),(23,'Body water ready sort want feeling also book. Else late security police hour condition. Particular often letter paper system walk.',90,99,58,18),(24,'Learn watch none share city road. Though trip push leave partner. Speak address month sing.',69,48,4,37),(25,'Nice American water ability from year source. High discuss relate culture offer value. Remember discussion race example upon security defense.',66,59,61,49),(26,'Economy religious only serve. Their statement Republican. Some industry table wear draw various reach along.',17,15,61,4),(27,'Together reach ten no by positive. Require hour true follow resource black exactly. Cold nothing card risk firm.',70,33,50,54),(28,'Available daughter drop reflect. However ten which one customer. Our traditional away color.',15,61,46,36),(29,'American list choose peace my party green. Admit little name since morning sport third. Have skin goal owner college everyone open.',82,88,79,35),(30,'Television wonder late away hit believe this data. Apply impact our stay area cup after. Family simple business similar war practice.',34,23,11,76),(31,'Remember two huge seek her. Do course event minute fear form we. Stay party try daughter avoid own outside.',23,6,49,64),(32,'Deep level type list kind. Director break police least network view rest. Word perhaps treatment summer laugh.',77,5,30,47),(33,'Unit such seven shake still. Decade law TV challenge fly low couple. Close military end occur heart major around.',53,32,9,23),(34,'Serious sing draw whether. Nice meeting street could though. Marriage everything boy program financial surface.',49,94,77,91),(35,'Experience Republican watch spend throughout teach. Exactly boy customer herself. Think only style talk develop.',1,69,25,76),(36,'Finally say sort whatever president ask. I team food without road. Administration expect low meet project enough let.',30,87,14,77),(37,'Tv computer few not parent us. Little remain get kind. Worker room society his this simple interest.',42,92,97,44),(38,'Born happen yet speak. Toward politics store maintain employee country material reduce. Note material information public start participant attorney.',19,42,36,43),(39,'From four debate house. Claim explain soon. Short within attention bar former personal pretty open.',93,54,2,82),(40,'Song nearly subject. Share environment area join. Environmental field discussion.',73,73,69,6),(41,'Force head join visit. Strategy pattern help little early me. Pattern summer free sign maintain.',75,93,60,71),(42,'Lose several be still southern daughter discuss. Network realize big be month. Glass imagine until part.',65,29,7,26),(43,'Stage pressure capital pull. Author adult condition play structure. Beat surface station whose behind process.',93,22,50,55),(44,'White face win son term result national. Democratic bill program alone baby. White follow or right then different everyone.',12,23,4,94),(45,'Hear generation free note wonder want computer. Act clear office wait. Religious seven protect southern coach.',42,3,37,45),(46,'Network adult within bag. Kid recently ask hard main. Team center not part art serve often foreign.',36,100,63,39),(47,'Ball yeah enter exist. Her center again military learn. Change indeed describe ask available main record media.',6,9,15,71),(48,'Bag knowledge consumer name court maybe especially. Drop will anything analysis somebody front occur. Teach well contain.',50,35,29,78),(49,'Avoid hold possible they arm step anything. Group firm church behavior dark simple. Three season shake space call baby act.',1,96,77,90),(50,'Process already turn although future radio. Southern either state lay. Year listen ability open also particularly.',14,13,23,63),(51,'Owner but another face each media so. Need economy expert alone. Animal mission represent long explain table including job.',20,25,83,11),(52,'I data better apply reveal which protect. On over serious talk yet through. Hope letter close effect during.',48,65,60,86),(53,'Site save forward. Boy level attention once nice born owner. Recently season meet along minute peace.',28,27,45,65),(54,'Accept on culture high painting camera. Beyond consider fish red member. Agency fill machine organization reach others.',9,46,70,23),(55,'Baby increase available treat success long citizen else. Size off present model attack bank. See around their just bed wife.',56,50,31,8),(56,'Prevent hand food last. Song pull save inside decision. Fly recent toward long.',96,15,16,93),(57,'Others get read material drive approach. Outside safe each current. Though be series upon.',63,89,22,100),(58,'My street huge read talk simple charge them. Sort star task purpose. Write cold bill from Republican artist.',62,54,90,31),(59,'Beat then seek east hope I certainly. Option it will half base tend get. Institution answer necessary husband word.',9,11,71,84),(60,'Hit forward skin important evening process. Consumer across almost. Hand bit price line writer.',17,88,71,68),(61,'Chance reason good light. Big appear available south already. Hot at performance.',9,89,40,49),(62,'Up cold various national measure respond. Prove may themselves. Personal production traditional agreement tax.',93,75,64,92),(63,'Protect old bag building role race. Price drop arrive million still society everybody. Pm relate single station church air.',65,24,74,46),(64,'Effect news hard political why agree. Arrive should many style campaign law. Ready travel determine sing stage.',20,64,86,44),(65,'Back answer read fund training they popular return. Thing another skill edge very movement. Challenge weight never him.',83,3,95,24),(66,'Class manager popular produce. Us must sell manage yes leader. Personal affect girl base forward read gun window.',64,92,91,25),(67,'Candidate which today professor material difference. Professor affect report Mr example front. Arm matter by appear.',24,89,38,50),(68,'Most view art increase common. Eye important long others. Wear full so president even reality.',59,36,67,58),(69,'Especially main example to pretty with. Drop surface five place evening score ok. They industry understand story nor senior question wear.',92,79,56,100),(70,'Employee could former mean generation. Range late interview what civil democratic. If product operation.',41,16,37,1),(71,'Reality enjoy especially rather create country himself. Seem important meet determine election herself health. Parent sit old leg study.',97,70,51,21),(72,'Sure go high street. Research coach form woman. City concern friend cost soon.',80,14,25,28),(73,'Simply news pressure evidence film seek happy. Once seem worker price response. Food sing build support agree.',21,26,98,88),(74,'Over can even. Tough future also fly ten light. Suggest expect left.',52,90,51,6),(75,'Cause what direction model yeah technology. Whole successful effect drug nice. Crime school set forget international.',66,2,58,91),(76,'Theory art open learn team letter. Husband another hotel Republican eye. Understand door will action property benefit particularly.',100,56,91,63),(77,'Test marriage teach side political simply result. Indicate truth whole. Ahead system still forget sound hour.',17,87,86,31),(78,'Behind service why say yet. Hard structure main practice. Customer paper administration night money teacher.',25,11,53,32),(79,'Outside property lay their. Upon hundred than also wear serve. Poor style pick source night candidate foreign.',57,91,13,28),(80,'She heart I. Somebody about conference buy summer degree morning check. Remain executive growth among report try.',7,1,95,56),(81,'Step area very spring. Themselves box rather well inside writer. Can still blood close keep.',1,59,15,8),(82,'Pattern paper hit modern within next. Near accept raise country test prepare. Accept more guy hit question possible simple Republican.',66,55,79,53),(83,'Per table organization his game not. According discuss win pressure. Quality feel clearly manage whose rest.',53,55,45,62),(84,'Director behavior start arm must letter. Author sense or let eight maybe outside. You once carry partner drug.',39,15,45,25),(85,'Author require claim. Individual good list set attention agent help. Small past moment new.',43,37,43,82),(86,'Five choose debate any. Debate example boy war voice group. This thousand name mention during.',64,33,31,75),(87,'Pattern east necessary hospital site. Song hot side lose room throw decade. Protect local weight ball maybe wind.',25,85,95,55),(88,'Gun still air detail study reveal war. Care feel ball. Bill sing threat court half.',86,68,72,9),(89,'Agreement center no summer. Situation number off tough just bit. Effect education music write.',94,36,72,5),(90,'Throughout check finish the hour. Must bag newspaper hundred trade project either. Such lawyer push appear thousand technology former.',38,66,34,36),(91,'Establish fine direction discussion. Coach after kind. Cold I trouble almost interview education control.',70,57,95,18),(92,'Cup situation fine someone plan. Go energy plan yard stop. Worker case car hot tax nature scene name.',88,54,63,29),(93,'Car stock show. Production course college. Activity hope fire consider fear hear.',61,41,9,83),(94,'Stop force across everyone professor last. Body big behind hope surface today. But message activity fact best see.',61,59,25,65),(95,'Herself sometimes clear pass first shoulder. Pattern summer among green open bar. Behavior sure common eye yet second lose.',40,47,99,87),(96,'Consider raise answer government plant upon decade. Fight education film arrive among identify hotel. Price add itself loss writer serious play.',92,85,87,96),(97,'Upon news whatever beyond gun rock understand. Administration recognize technology even explain. Interest firm probably nation daughter lay.',2,50,33,85),(98,'Home try capital improve serious. Sport population international charge. Live read him.',85,14,8,35),(99,'Trade result budget practice service up. Onto marriage try read view. Work together event pretty interview accept vote daughter.',11,56,33,72),(100,'Onto far nothing long feeling. Attorney until almost. Long person threat option.',52,13,20,2);
/*!40000 ALTER TABLE `task` ENABLE KEYS */;
UNLOCK TABLES;
/*!40103 SET TIME_ZONE=@OLD_TIME_ZONE */;

/*!40101 SET SQL_MODE=@OLD_SQL_MODE */;
/*!40014 SET FOREIGN_KEY_CHECKS=@OLD_FOREIGN_KEY_CHECKS */;
/*!40014 SET UNIQUE_CHECKS=@OLD_UNIQUE_CHECKS */;
/*!40101 SET CHARACTER_SET_CLIENT=@OLD_CHARACTER_SET_CLIENT */;
/*!40101 SET CHARACTER_SET_RESULTS=@OLD_CHARACTER_SET_RESULTS */;
/*!40101 SET COLLATION_CONNECTION=@OLD_COLLATION_CONNECTION */;
/*!40111 SET SQL_NOTES=@OLD_SQL_NOTES */;

-- Dump completed on 2023-10-24 18:00:22
